archetype_name,inflation_gap_pct
hh_composition,0.8036197271416685
hrp_age_band,0.0902187573003177
tenure_type,0.06730474544356424
employment_status,0.06270740328733204
region_broad,0.05670899727266754
is_pensioner,0.046649070564132256
income_quintile,0.044082663720225845
is_carer,0.022074596825898407
is_disability,0.019778012229309194
